chrM	Position	Ref	Alt	test4	test5	test3	test2	test1
chrM	1009	C	T	98.77%				
chrM	10181	C	T			99.94%		
chrM	10310	G	A				99.99%	
chrM	10398	A	G		99.89%			
chrM	10400	C	T		100.00%			
chrM	10873	T	C		99.96%			
chrM	10936	C	A					1.45%
chrM	11209	A	G			99.96%		
chrM	11719	G	A	100.00%	99.97%	99.98%	99.98%	100.00%
chrM	12505	C	T				99.90%	
chrM	12705	C	T	100.00%				
chrM	12880	T	C	99.76%				
chrM	1382	A	C		99.97%			
chrM	1438	A	G	100.00%	99.96%			
chrM	146	T	C				99.89%	
chrM	14668	C	T			99.99%		99.98%
chrM	14766	C	T			99.99%		
chrM	14783	T	C			99.94%		
chrM	14944	C	T	99.60%				
chrM	15027	T	C				2.06%	
chrM	15043	G	A		100.00%	99.99%		99.97%
chrM	15218	A	G			99.88%		
chrM	15301	G	A		100.00%	99.96%		
chrM	15326	A	G	99.96%	99.84%		99.92%	99.92%
chrM	16187	C	T	100.00%				
chrM	16189	T	C				95.58%	
chrM	16217	T	C				99.91%	
chrM	16223	C	T	99.95%	100.00%			
chrM	16241	A	G				4.81%	
chrM	16287	C	T					99.86%
chrM	16290	C	T	99.90%				
chrM	16311	T	C				99.76%	
chrM	16319	G	A	99.91%		99.95%		99.92%
chrM	16362	T	C		99.87%	99.82%		99.85%
chrM	16390	G	A			99.74%		
chrM	16399	A	G					99.86%
chrM	16519	T	C		99.40%	99.83%	99.89%	
chrM	1719	G	A			99.99%		
chrM	1736	A	G	99.96%				
chrM	194	C	T		99.92%			
chrM	204	T	C				99.78%	
chrM	235	A	G	99.82%				
chrM	2581	A	G			99.98%		
chrM	2606	T	C		71.15%			
chrM	263	A	G	100.00%	99.92%	99.94%	98.78%	99.89%
chrM	2706	A	G	100.00%	99.88%	99.94%	99.92%	
chrM	3010	G	A		99.85%			
chrM	302	A	C	25.89%	94.65%	95.73%	94.70%	92.99%
chrM	310	T	C	99.88%	99.14%	99.04%	99.27%	98.76%
chrM	3422	T	C				83.78%	
chrM	3497	C	T				99.98%	
chrM	4172	T	C			88.61%		
chrM	4248	T	C	99.85%				
chrM	431	C	T			99.89%		99.88%
chrM	4769	A	G		99.66%			
chrM	4883	C	T		100.00%			99.98%
chrM	489	T	C		99.90%	99.89%		99.77%
chrM	513	GCA	G					99.76%
chrM	6890	A	G			99.98%		
chrM	7028	C	T	100.00%	100.00%	100.00%		
chrM	709	G	A				99.99%	
chrM	73	A	G	100.00%	100.00%	99.87%	99.88%	99.80%
chrM	7498	G	A					18.59%
chrM	750	A	G				99.94%	
chrM	7835	C	T			3.04%		
chrM	8020	G	A		99.92%	99.97%		99.92%
chrM	8414	C	T		100.00%	99.98%		
chrM	8563	A	G	99.84%				
chrM	8701	A	G		100.00%	99.92%		
chrM	8794	C	T	99.68%				
chrM	8860	A	G	99.79%	97.30%			
chrM	9116	T	C	99.59%				
chrM	9540	T	C		99.88%			
chrM	9824	T	A		100.00%			
